candidate,risk_measure,scenario_tail_overlay_fraction,optimization_scenario_count,lambda_multiplier,inventory_risk_weight,inventory_path_risk_weight,status,expected_alpha_dollars,impact_cost_dollars,linear_cost_dollars,expected_net_pnl_dollars,pnl_vol_dollars,loss_var_95_dollars,loss_cvar_95_dollars,probability_profitable,event_id,strategy,plan_selection_policy,selected_plan_source,coefficient_policy,alpha_policy,factor_policy,profit_policy,liquidity_shape_policy,regret_policy,regret_fraction,regret_weight,liquidity_shape_fraction,applied_inventory_risk_weight
variance__multiplier_0__variance_0__path_0,variance,0.0,,0.0,0.0,0.0,optimal,-42589.24546733829,294593.8325025907,49502.56577900073,-386685.6437489298,4315416.398436945,6479900.85527477,7883260.861579315,0.453125,event_97,static_open_loop,always_candidate,static_open_loop,baseline_locked,raw,barra,none,flat,none,0.0,0.0,0.0,9.120811753644233e-08
variance__multiplier_0.1__variance_9.12081e-10__path_0,variance,0.0,,0.1,9.120811753644234e-10,0.0,optimal,-43063.36519726468,294312.586136684,49476.265485459466,-386852.2168194081,4271881.877385284,6386385.331093847,7905789.2848599795,0.453125,event_97,static_open_loop,always_candidate,static_open_loop,baseline_locked,raw,barra,none,flat,none,0.0,0.0,0.0,9.120811753644233e-08
variance__multiplier_0.3__variance_2.73624e-09__path_0,variance,0.0,,0.3,2.73624352609327e-09,0.0,optimal,-44686.11961621774,293781.28201832395,49443.688594413805,-387911.0902289555,4200743.030682975,6338881.688437537,7950122.636170486,0.453125,event_97,static_open_loop,always_candidate,static_open_loop,baseline_locked,raw,barra,none,flat,none,0.0,0.0,0.0,9.120811753644233e-08
variance__multiplier_1__variance_9.12081e-09__path_0,variance,0.0,,1.0,9.120811753644233e-09,0.0,optimal,-51361.94028592395,293416.7462296584,49360.96320643016,-394139.6497220125,4064220.7360399007,6304980.434191706,8009892.11416116,0.484375,event_97,static_open_loop,always_candidate,static_open_loop,baseline_locked,raw,barra,none,flat,none,0.0,0.0,0.0,9.120811753644233e-08
variance__multiplier_3__variance_2.73624e-08__path_0,variance,0.0,,3.0,2.73624352609327e-08,0.0,optimal,-66584.05398205383,297562.3920178905,49241.764788920154,-413388.2107888645,3921115.0490872827,6331025.182240664,7997863.498477027,0.484375,event_97,static_open_loop,always_candidate,static_open_loop,baseline_locked,raw,barra,none,flat,none,0.0,0.0,0.0,9.120811753644233e-08
variance__multiplier_10__variance_9.12081e-08__path_0,variance,0.0,,10.0,9.120811753644233e-08,0.0,optimal,-93201.50234889136,311735.1376555231,49123.43990289728,-454060.0799073117,3811567.7066587317,6154171.146937982,7950261.00636981,0.46875,event_97,static_open_loop,always_candidate,static_open_loop,baseline_locked,raw,barra,none,flat,none,0.0,0.0,0.0,9.120811753644233e-08
variance__multiplier_0__variance_0__path_0,variance,0.0,,0.0,0.0,0.0,optimal,-36991.15165082074,294438.1203448855,48999.67211439297,-380428.9441100992,4091006.7590881535,5947419.982209626,7565416.048036631,0.453125,event_97,forecast_liquidity,always_candidate,forecast_liquidity,baseline_locked,raw,minimax_factor_stress,none,risk_scaled,baseline_relative_second_moment,0.5,4.5604058768221165e-08,0.5,9.120811753644233e-08
variance__multiplier_0.1__variance_9.12081e-10__path_0,variance,0.0,,0.1,9.120811753644234e-10,0.0,optimal,-37520.63671466823,294065.52087764564,48981.17234957142,-380567.3299418853,4053541.5189569443,5986889.18808903,7592295.606124273,0.453125,event_97,forecast_liquidity,always_candidate,forecast_liquidity,baseline_locked,raw,minimax_factor_stress,none,risk_scaled,baseline_relative_second_moment,0.5,4.5604058768221165e-08,0.5,9.120811753644233e-08
variance__multiplier_0.3__variance_2.73624e-09__path_0,variance,0.0,,0.3,2.73624352609327e-09,0.0,optimal,-39288.170579972706,293143.3359169614,48960.029383365,-381391.5358802991,3995265.971815647,6055954.641592157,7628213.373873674,0.453125,event_97,forecast_liquidity,always_candidate,forecast_liquidity,baseline_locked,raw,minimax_factor_stress,none,risk_scaled,baseline_relative_second_moment,0.5,4.5604058768221165e-08,0.5,9.120811753644233e-08
variance__multiplier_1__variance_9.12081e-09__path_0,variance,0.0,,1.0,9.120811753644233e-09,0.0,optimal,-45564.60807664582,292393.5289496937,48897.25770816656,-386855.3947345061,3870094.27844513,6195768.756907601,7672369.90661965,0.46875,event_97,forecast_liquidity,always_candidate,forecast_liquidity,baseline_locked,raw,minimax_factor_stress,none,risk_scaled,baseline_relative_second_moment,0.5,4.5604058768221165e-08,0.5,9.120811753644233e-08
variance__multiplier_3__variance_2.73624e-08__path_0,variance,0.0,,3.0,2.73624352609327e-08,0.0,optimal,-61246.46248616001,294653.8594762131,48788.83453209789,-404689.156494471,3729898.0100887995,5937365.789449566,7642875.3483500015,0.46875,event_97,forecast_liquidity,always_candidate,forecast_liquidity,baseline_locked,raw,minimax_factor_stress,none,risk_scaled,baseline_relative_second_moment,0.5,4.5604058768221165e-08,0.5,9.120811753644233e-08
variance__multiplier_10__variance_9.12081e-08__path_0,variance,0.0,,10.0,9.120811753644233e-08,0.0,optimal,-90660.09718235441,305415.888037706,48657.80220888743,-444733.78742894786,3614760.8813005784,5843248.641529244,7549848.731755099,0.484375,event_97,forecast_liquidity,always_candidate,forecast_liquidity,baseline_locked,raw,minimax_factor_stress,none,risk_scaled,baseline_relative_second_moment,0.5,4.5604058768221165e-08,0.5,9.120811753644233e-08
variance__multiplier_0__variance_0__path_0,variance,0.0,,0.0,0.0,0.0,optimal,-192897.2078194045,287164.11968792754,48968.567418434846,-529029.8949257669,4203684.814430821,8688671.23479155,11593242.996377297,0.421875,event_98,static_open_loop,always_candidate,static_open_loop,baseline_locked,raw,barra,none,flat,none,0.0,0.0,0.0,9.120811753644233e-08
variance__multiplier_0.1__variance_9.12081e-10__path_0,variance,0.0,,0.1,9.120811753644234e-10,0.0,optimal,-192787.95585089872,287393.7331392574,48969.50268153106,-529151.1916716872,4170383.893456812,8574156.330521878,11477204.047392277,0.421875,event_98,static_open_loop,always_candidate,static_open_loop,baseline_locked,raw,barra,none,flat,none,0.0,0.0,0.0,9.120811753644233e-08
variance__multiplier_0.3__variance_2.73624e-09__path_0,variance,0.0,,0.3,2.73624352609327e-09,0.0,optimal,-192940.86161377176,288019.0597215724,48979.652973568176,-529939.5743089123,4117020.956465554,8385737.949064627,11288563.258336825,0.421875,event_98,static_open_loop,always_candidate,static_open_loop,baseline_locked,raw,barra,none,flat,none,0.0,0.0,0.0,9.120811753644233e-08
variance__multiplier_1__variance_9.12081e-09__path_0,variance,0.0,,1.0,9.120811753644233e-09,0.0,optimal,-195271.07749394412,290810.69305824884,48988.804744879744,-535070.5752970726,4003176.739928185,7990567.3117454015,10838153.703601828,0.4375,event_98,static_open_loop,always_candidate,static_open_loop,baseline_locked,raw,barra,none,flat,none,0.0,0.0,0.0,9.120811753644233e-08
variance__multiplier_3__variance_2.73624e-08__path_0,variance,0.0,,3.0,2.73624352609327e-08,0.0,optimal,-204458.68962574986,297009.06833195343,48996.033971723926,-550463.7919294273,3884243.8242546283,7814795.941673731,10450632.123713821,0.453125,event_98,static_open_loop,always_candidate,static_open_loop,baseline_locked,raw,barra,none,flat,none,0.0,0.0,0.0,9.120811753644233e-08
variance__multiplier_10__variance_9.12081e-08__path_0,variance,0.0,,10.0,9.120811753644233e-08,0.0,optimal,-218759.12249076075,312793.2485250372,49030.16821257593,-580582.5392283739,3805951.5139595848,7767732.461798779,10186717.562006198,0.453125,event_98,static_open_loop,always_candidate,static_open_loop,baseline_locked,raw,barra,none,flat,none,0.0,0.0,0.0,9.120811753644233e-08
variance__multiplier_0__variance_0__path_0,variance,0.0,,0.0,0.0,0.0,optimal,-173734.78920717997,285506.982968364,48476.71017985258,-507718.48235539655,3983206.538617936,8400690.948901134,11120213.261491446,0.4375,event_98,forecast_liquidity,always_candidate,forecast_liquidity,baseline_locked,raw,minimax_factor_stress,none,risk_scaled,baseline_relative_second_moment,0.5,4.5604058768221165e-08,0.5,9.120811753644233e-08
variance__multiplier_0.1__variance_9.12081e-10__path_0,variance,0.0,,0.1,9.120811753644234e-10,0.0,optimal,-173787.84533966897,285555.9142522466,48483.21401408359,-507826.9736059992,3952458.0014190734,8296437.263284615,11018886.542454422,0.4375,event_98,forecast_liquidity,always_candidate,forecast_liquidity,baseline_locked,raw,minimax_factor_stress,none,risk_scaled,baseline_relative_second_moment,0.5,4.5604058768221165e-08,0.5,9.120811753644233e-08
variance__multiplier_0.3__variance_2.73624e-09__path_0,variance,0.0,,0.3,2.73624352609327e-09,0.0,optimal,-174002.47170908656,286000.0038456883,48497.459241450124,-508499.934796225,3904185.064323105,8130055.845951658,10854658.60109292,0.4375,event_98,forecast_liquidity,always_candidate,forecast_liquidity,baseline_locked,raw,minimax_factor_stress,none,risk_scaled,baseline_relative_second_moment,0.5,4.5604058768221165e-08,0.5,9.120811753644233e-08
variance__multiplier_1__variance_9.12081e-09__path_0,variance,0.0,,1.0,9.120811753644233e-09,0.0,optimal,-175863.73329434043,288779.3765823272,48516.0219516518,-513159.1318283194,3797266.1703641233,7776097.363555495,10442216.75399067,0.453125,event_98,forecast_liquidity,always_candidate,forecast_liquidity,baseline_locked,raw,minimax_factor_stress,none,risk_scaled,baseline_relative_second_moment,0.5,4.5604058768221165e-08,0.5,9.120811753644233e-08
variance__multiplier_3__variance_2.73624e-08__path_0,variance,0.0,,3.0,2.73624352609327e-08,0.0,optimal,-185441.81169485458,293129.6004424274,48522.912502844694,-527094.3246401267,3683817.821212075,7616097.960586274,10074121.043334816,0.4375,event_98,forecast_liquidity,always_candidate,forecast_liquidity,baseline_locked,raw,minimax_factor_stress,none,risk_scaled,baseline_relative_second_moment,0.5,4.5604058768221165e-08,0.5,9.120811753644233e-08
variance__multiplier_10__variance_9.12081e-08__path_0,variance,0.0,,10.0,9.120811753644233e-08,0.0,optimal,-200148.8961937729,306253.2076937361,48570.35225574227,-554972.4561432513,3607020.319453761,7534113.883643929,9810411.309348574,0.453125,event_98,forecast_liquidity,always_candidate,forecast_liquidity,baseline_locked,raw,minimax_factor_stress,none,risk_scaled,baseline_relative_second_moment,0.5,4.5604058768221165e-08,0.5,9.120811753644233e-08
variance__multiplier_0__variance_0__path_0,variance,0.0,,0.0,0.0,0.0,optimal,-118825.4548904633,291194.57122543093,49153.07193128108,-459173.09804717527,4176060.111429577,7357340.554450051,9309357.306376787,0.421875,event_99,static_open_loop,always_candidate,static_open_loop,baseline_locked,raw,barra,none,flat,none,0.0,0.0,0.0,9.120811753644233e-08
variance__multiplier_0.1__variance_9.12081e-10__path_0,variance,0.0,,0.1,9.120811753644234e-10,0.0,optimal,-119222.19211064052,290969.15783699823,49124.635545245874,-459315.98549288465,4137146.361086225,7223469.127904251,9214253.95231448,0.4375,event_99,static_open_loop,always_candidate,static_open_loop,baseline_locked,raw,barra,none,flat,none,0.0,0.0,0.0,9.120811753644233e-08
variance__multiplier_0.3__variance_2.73624e-09__path_0,variance,0.0,,0.3,2.73624352609327e-09,0.0,optimal,-119920.61522135916,291101.4224976651,49086.10107638798,-460108.1387954122,4082031.8814288564,7026677.356152645,9081938.701039325,0.4375,event_99,static_open_loop,always_candidate,static_open_loop,baseline_locked,raw,barra,none,flat,none,0.0,0.0,0.0,9.120811753644233e-08
variance__multiplier_1__variance_9.12081e-09__path_0,variance,0.0,,1.0,9.120811753644233e-09,0.0,optimal,-122435.0563443194,293824.85066409403,48992.53540742247,-465252.4424158359,3967819.389233302,6732219.841672938,8798387.380919844,0.421875,event_99,static_open_loop,always_candidate,static_open_loop,baseline_locked,raw,barra,none,flat,none,0.0,0.0,0.0,9.120811753644233e-08
variance__multiplier_3__variance_2.73624e-08__path_0,variance,0.0,,3.0,2.73624352609327e-08,0.0,optimal,-124975.10344701228,304363.8817448652,48900.76110128238,-478239.74629315984,3858221.220569159,6646071.846032888,8475321.472324347,0.453125,event_99,static_open_loop,always_candidate,static_open_loop,baseline_locked,raw,barra,none,flat,none,0.0,0.0,0.0,9.120811753644233e-08
variance__multiplier_10__variance_9.12081e-08__path_0,variance,0.0,,10.0,9.120811753644233e-08,0.0,optimal,-132865.545145421,316728.2647583832,48983.259644717255,-498577.0695485215,3805387.1502413154,6728851.769982986,8386305.690952663,0.453125,event_99,static_open_loop,always_candidate,static_open_loop,baseline_locked,raw,barra,none,flat,none,0.0,0.0,0.0,9.120811753644233e-08
variance__multiplier_0__variance_0__path_0,variance,0.0,,0.0,0.0,0.0,optimal,-110015.92455091479,290244.93995551893,48617.36575999403,-448878.23026642774,3941129.9097071197,6738860.801625298,8861998.904821832,0.421875,event_99,forecast_liquidity,always_candidate,forecast_liquidity,baseline_locked,raw,minimax_factor_stress,none,risk_scaled,baseline_relative_second_moment,0.5,4.5604058768221165e-08,0.5,9.120811753644233e-08
variance__multiplier_0.1__variance_9.12081e-10__path_0,variance,0.0,,0.1,9.120811753644234e-10,0.0,optimal,-110439.39216826519,289960.96841049043,48592.96305402563,-448993.3236327813,3907917.9489657,6627766.445007845,8778096.484135985,0.421875,event_99,forecast_liquidity,always_candidate,forecast_liquidity,baseline_locked,raw,minimax_factor_stress,none,risk_scaled,baseline_relative_second_moment,0.5,4.5604058768221165e-08,0.5,9.120811753644233e-08
variance__multiplier_0.3__variance_2.73624e-09__path_0,variance,0.0,,0.3,2.73624352609327e-09,0.0,optimal,-111239.22800409945,289801.65859788406,48564.157062374295,-449605.0436643578,3863364.732025534,6487489.214301572,8667793.924694616,0.421875,event_99,forecast_liquidity,always_candidate,forecast_liquidity,baseline_locked,raw,minimax_factor_stress,none,risk_scaled,baseline_relative_second_moment,0.5,4.5604058768221165e-08,0.5,9.120811753644233e-08
variance__multiplier_1__variance_9.12081e-09__path_0,variance,0.0,,1.0,9.120811753644233e-09,0.0,optimal,-113817.77692887782,291773.04889351217,48476.86753713077,-454067.69335952075,3759374.229042947,6427775.219597233,8402578.32859222,0.4375,event_99,forecast_liquidity,always_candidate,forecast_liquidity,baseline_locked,raw,minimax_factor_stress,none,risk_scaled,baseline_relative_second_moment,0.5,4.5604058768221165e-08,0.5,9.120811753644233e-08
variance__multiplier_3__variance_2.73624e-08__path_0,variance,0.0,,3.0,2.73624352609327e-08,0.0,optimal,-116858.67324992434,299680.02347856166,48399.26840639583,-464937.9651348818,3661305.670051643,6410820.252833217,8128553.197958055,0.4375,event_99,forecast_liquidity,always_candidate,forecast_liquidity,baseline_locked,raw,minimax_factor_stress,none,risk_scaled,baseline_relative_second_moment,0.5,4.5604058768221165e-08,0.5,9.120811753644233e-08
variance__multiplier_10__variance_9.12081e-08__path_0,variance,0.0,,10.0,9.120811753644233e-08,0.0,optimal,-127566.07120341389,307731.9707213058,48515.02677060192,-483813.0686953216,3609882.210674331,6537516.177461246,8081904.067139476,0.4375,event_99,forecast_liquidity,always_candidate,forecast_liquidity,baseline_locked,raw,minimax_factor_stress,none,risk_scaled,baseline_relative_second_moment,0.5,4.5604058768221165e-08,0.5,9.120811753644233e-08
variance__multiplier_0__variance_0__path_0,variance,0.0,,0.0,0.0,0.0,optimal,2322640.3023165567,374991.64633567096,51045.56393376617,1896603.0920471195,4904990.860110004,8683345.842967179,10965750.243039904,0.625,event_100,static_open_loop,always_candidate,static_open_loop,baseline_locked,raw,barra,none,flat,none,0.0,0.0,0.0,4.958874012952752e-08
variance__multiplier_0.1__variance_4.95887e-09__path_0,variance,0.0,,0.1,4.958874012952753e-09,0.0,optimal,2318821.197274263,372606.3197954922,51011.56226246228,1895203.3152163087,4854125.197819216,8653967.52362093,10863250.427782748,0.625,event_100,static_open_loop,always_candidate,static_open_loop,baseline_locked,raw,barra,none,flat,none,0.0,0.0,0.0,4.958874012952752e-08
variance__multiplier_0.3__variance_1.48766e-08__path_0,variance,0.0,,0.3,1.4876622038858255e-08,0.0,optimal,2292511.57918891,361759.9949583173,50826.29363609441,1879925.2905944982,4698790.437145086,8426563.563662158,10560458.31208493,0.625,event_100,static_open_loop,always_candidate,static_open_loop,baseline_locked,raw,barra,none,flat,none,0.0,0.0,0.0,4.958874012952752e-08
variance__multiplier_1__variance_4.95887e-08__path_0,variance,0.0,,1.0,4.958874012952752e-08,0.0,optimal,2094269.584284764,321020.1850326002,49984.784489103935,1723264.61476306,4121893.7671541814,7240419.656256954,8926422.58010566,0.625,event_100,static_open_loop,always_candidate,static_open_loop,baseline_locked,raw,barra,none,flat,none,0.0,0.0,0.0,4.958874012952752e-08
variance__multiplier_3__variance_1.48766e-07__path_0,variance,0.0,,3.0,1.4876622038858256e-07,0.0,optimal,1909775.6957417259,326161.8358085492,49202.911090060865,1534410.9488431157,3803384.764948016,6064124.141297036,8234147.742498621,0.640625,event_100,static_open_loop,always_candidate,static_open_loop,baseline_locked,raw,barra,none,flat,none,0.0,0.0,0.0,4.958874012952752e-08
variance__multiplier_10__variance_4.95887e-07__path_0,variance,0.0,,10.0,4.958874012952752e-07,0.0,optimal,1887328.928087835,337212.0828968183,49082.66142193675,1501034.18376908,3782821.6373426174,6182876.650094996,8201613.098468539,0.640625,event_100,static_open_loop,always_candidate,static_open_loop,baseline_locked,raw,barra,none,flat,none,0.0,0.0,0.0,4.958874012952752e-08
variance__multiplier_0__variance_0__path_0,variance,0.0,,0.0,0.0,0.0,optimal,2229335.0846055495,376151.49404263496,50520.520586225495,1802663.069976689,4537867.730780818,8031587.460630538,10219290.855880992,0.625,event_100,forecast_liquidity,always_candidate,forecast_liquidity,baseline_locked,raw,minimax_factor_stress,none,risk_scaled,baseline_relative_second_moment,0.5,2.479437006476376e-08,0.5,4.958874012952752e-08
variance__multiplier_0.1__variance_4.95887e-09__path_0,variance,0.0,,0.1,4.958874012952753e-09,0.0,optimal,2228039.2235017023,375423.4101883406,50508.17865372092,1802107.6346596407,4515492.915769938,8000933.671095189,10173913.154873896,0.625,event_100,forecast_liquidity,always_candidate,forecast_liquidity,baseline_locked,raw,minimax_factor_stress,none,risk_scaled,baseline_relative_second_moment,0.5,2.479437006476376e-08,0.5,4.958874012952752e-08
variance__multiplier_0.3__variance_1.48766e-08__path_0,variance,0.0,,0.3,1.4876622038858255e-08,0.0,optimal,2215051.17797724,369504.55780742364,50403.46580525159,1795143.154364565,4437683.554661488,7964451.51968931,10034295.661394391,0.625,event_100,forecast_liquidity,always_candidate,forecast_liquidity,baseline_locked,raw,minimax_factor_stress,none,risk_scaled,baseline_relative_second_moment,0.5,2.479437006476376e-08,0.5,4.958874012952752e-08
variance__multiplier_1__variance_4.95887e-08__path_0,variance,0.0,,1.0,4.958874012952752e-08,0.0,optimal,2043677.3812322968,328744.47990630765,49700.353883032534,1665232.5474429566,3978955.06959376,6939585.818605033,8756720.183783276,0.625,event_100,forecast_liquidity,always_candidate,forecast_liquidity,baseline_locked,raw,minimax_factor_stress,none,risk_scaled,baseline_relative_second_moment,0.5,2.479437006476376e-08,0.5,4.958874012952752e-08
variance__multiplier_3__variance_1.48766e-07__path_0,variance,0.0,,3.0,1.4876622038858256e-07,0.0,optimal,1817820.4212060804,319401.4098799903,48785.77053905721,1449633.2407870328,3610042.6096382104,5579885.058534988,7893137.863233546,0.640625,event_100,forecast_liquidity,always_candidate,forecast_liquidity,baseline_locked,raw,minimax_factor_stress,none,risk_scaled,baseline_relative_second_moment,0.5,2.479437006476376e-08,0.5,4.958874012952752e-08
variance__multiplier_10__variance_4.95887e-07__path_0,variance,0.0,,10.0,4.958874012952752e-07,0.0,optimal,1788388.6466029403,327048.51574723085,48644.224773831476,1412695.9060818779,3585164.101489849,5660577.209408162,7810612.509581114,0.640625,event_100,forecast_liquidity,always_candidate,forecast_liquidity,baseline_locked,raw,minimax_factor_stress,none,risk_scaled,baseline_relative_second_moment,0.5,2.479437006476376e-08,0.5,4.958874012952752e-08
variance__multiplier_0__variance_0__path_0,variance,0.0,,0.0,0.0,0.0,optimal,1319785.078919618,351115.9910286836,50730.78419044603,917938.3037004883,4837894.708606369,8253722.575900832,9401027.880506026,0.578125,event_101,static_open_loop,always_candidate,static_open_loop,baseline_locked,raw,barra,none,flat,none,0.0,0.0,0.0,2.8273431340653847e-08
variance__multiplier_0.1__variance_2.82734e-09__path_0,variance,0.0,,0.1,2.827343134065385e-09,0.0,optimal,1315480.0842576735,348444.32961902086,50664.13887920629,916371.6157594463,4717821.867954882,7848538.557611373,9024193.209656274,0.5625,event_101,static_open_loop,always_candidate,static_open_loop,baseline_locked,raw,barra,none,flat,none,0.0,0.0,0.0,2.8273431340653847e-08
variance__multiplier_0.3__variance_8.48203e-09__path_0,variance,0.0,,0.3,8.482029402196154e-09,0.0,optimal,1298221.34514835,339928.4131302595,50500.008337006926,907792.9236810837,4542870.348353169,7353662.151676349,8725588.338134006,0.5625,event_101,static_open_loop,always_candidate,static_open_loop,baseline_locked,raw,barra,none,flat,none,0.0,0.0,0.0,2.8273431340653847e-08
variance__multiplier_1__variance_2.82734e-08__path_0,variance,0.0,,1.0,2.8273431340653847e-08,0.0,optimal,1201757.1103777646,312039.892692276,49821.397453205675,839895.8202322829,4079362.5575983203,6225404.587921655,8097453.734052094,0.59375,event_101,static_open_loop,always_candidate,static_open_loop,baseline_locked,raw,barra,none,flat,none,0.0,0.0,0.0,2.8273431340653847e-08
variance__multiplier_3__variance_8.48203e-08__path_0,variance,0.0,,3.0,8.482029402196155e-08,0.0,optimal,1124100.5977073584,318350.18199213274,49222.025937207676,756528.3897780181,3831637.9952022973,5415301.119001169,7983485.862202106,0.609375,event_101,static_open_loop,always_candidate,static_open_loop,baseline_locked,raw,barra,none,flat,none,0.0,0.0,0.0,2.8273431340653847e-08
variance__multiplier_10__variance_2.82734e-07__path_0,variance,0.0,,10.0,2.8273431340653846e-07,0.0,optimal,1082619.3054826881,330290.41695907013,49086.9142133639,703241.9743102541,3783991.196686939,5287791.248782312,7989108.05028214,0.625,event_101,static_open_loop,always_candidate,static_open_loop,baseline_locked,raw,barra,none,flat,none,0.0,0.0,0.0,2.8273431340653847e-08
variance__multiplier_0__variance_0__path_0,variance,0.0,,0.0,0.0,0.0,optimal,1260848.897691451,347783.02398169716,50204.765318894446,862861.1083908594,4481895.280663244,7285189.448248864,8700673.571967125,0.578125,event_101,forecast_liquidity,always_candidate,forecast_liquidity,baseline_locked,raw,minimax_factor_stress,none,risk_scaled,baseline_relative_second_moment,0.5,1.4136715670326924e-08,0.5,2.8273431340653847e-08
variance__multiplier_0.1__variance_2.82734e-09__path_0,variance,0.0,,0.1,2.827343134065385e-09,0.0,optimal,1258008.5325783985,345972.75338858034,50160.67705328412,861875.1021365339,4400867.57653304,6827548.217660821,8529045.702235496,0.5625,event_101,forecast_liquidity,always_candidate,forecast_liquidity,baseline_locked,raw,minimax_factor_stress,none,risk_scaled,baseline_relative_second_moment,0.5,1.4136715670326924e-08,0.5,2.8273431340653847e-08
variance__multiplier_0.3__variance_8.48203e-09__path_0,variance,0.0,,0.3,8.482029402196154e-09,0.0,optimal,1247145.2324902457,340959.8467559948,50054.26587283393,856131.1198614171,4278314.322546452,6709236.312974234,8312624.902567317,0.578125,event_101,forecast_liquidity,always_candidate,forecast_liquidity,baseline_locked,raw,minimax_factor_stress,none,risk_scaled,baseline_relative_second_moment,0.5,1.4136715670326924e-08,0.5,2.8273431340653847e-08
variance__multiplier_1__variance_2.82734e-08__path_0,variance,0.0,,1.0,2.8273431340653847e-08,0.0,optimal,1167540.4550217208,316682.39553157275,49491.50204375553,801366.5574463926,3910719.4043988693,5817681.5643225545,7811689.0285200905,0.59375,event_101,forecast_liquidity,always_candidate,forecast_liquidity,baseline_locked,raw,minimax_factor_stress,none,risk_scaled,baseline_relative_second_moment,0.5,1.4136715670326924e-08,0.5,2.8273431340653847e-08
variance__multiplier_3__variance_8.48203e-08__path_0,variance,0.0,,3.0,8.482029402196155e-08,0.0,optimal,1073064.866977875,313492.5137421179,48799.3230178041,710773.0302179529,3634123.7605801565,5165820.273967306,7666781.43527353,0.625,event_101,forecast_liquidity,always_candidate,forecast_liquidity,baseline_locked,raw,minimax_factor_stress,none,risk_scaled,baseline_relative_second_moment,0.5,1.4136715670326924e-08,0.5,2.8273431340653847e-08
variance__multiplier_10__variance_2.82734e-07__path_0,variance,0.0,,10.0,2.8273431340653846e-07,0.0,optimal,1028621.5951635195,321923.5520049337,48644.04213741618,658054.0010211696,3585778.9851533114,5032468.5754699875,7670102.125021427,0.625,event_101,forecast_liquidity,always_candidate,forecast_liquidity,baseline_locked,raw,minimax_factor_stress,none,risk_scaled,baseline_relative_second_moment,0.5,1.4136715670326924e-08,0.5,2.8273431340653847e-08
variance__multiplier_0__variance_0__path_0,variance,0.0,,0.0,0.0,0.0,optimal,1416389.6089606797,346020.42732114845,50703.23626138476,1019665.9453781464,4819063.663894086,10498825.624967305,11498637.276544556,0.5625,event_102,static_open_loop,always_candidate,static_open_loop,baseline_locked,raw,barra,none,flat,none,0.0,0.0,0.0,3.0023526091194015e-08
variance__multiplier_0.1__variance_3.00235e-09__path_0,variance,0.0,,0.1,3.0023526091194016e-09,0.0,optimal,1407271.2185709386,338886.3520317842,50585.26422685491,1017799.6023122995,4686741.793441595,10258371.24313594,11348007.755537406,0.5625,event_102,static_open_loop,always_candidate,static_open_loop,baseline_locked,raw,barra,none,flat,none,0.0,0.0,0.0,3.0023526091194015e-08
variance__multiplier_0.3__variance_9.00706e-09__path_0,variance,0.0,,0.3,9.007057827358204e-09,0.0,optimal,1380274.219481563,325304.7220955161,50315.918552760326,1004653.5788332867,4438707.048617129,9291262.463719424,11386300.141917411,0.578125,event_102,static_open_loop,always_candidate,static_open_loop,baseline_locked,raw,barra,none,flat,none,0.0,0.0,0.0,3.0023526091194015e-08
variance__multiplier_1__variance_3.00235e-08__path_0,variance,0.0,,1.0,3.0023526091194015e-08,0.0,optimal,1306707.0080079173,308870.3591587019,49758.623500686226,948078.0253485291,4035854.1024584663,8878256.32135964,10882526.4398529,0.578125,event_102,static_open_loop,always_candidate,static_open_loop,baseline_locked,raw,barra,none,flat,none,0.0,0.0,0.0,3.0023526091194015e-08
variance__multiplier_3__variance_9.00706e-08__path_0,variance,0.0,,3.0,9.007057827358205e-08,0.0,optimal,1230749.5553182731,312391.2620089163,49263.326708912195,869094.9666004446,3834813.8474047,8575106.013326827,10208904.847003648,0.546875,event_102,static_open_loop,always_candidate,static_open_loop,baseline_locked,raw,barra,none,flat,none,0.0,0.0,0.0,3.0023526091194015e-08
variance__multiplier_10__variance_3.00235e-07__path_0,variance,0.0,,10.0,3.0023526091194013e-07,0.0,optimal,1199076.5908274427,331691.10660993715,49097.45536145728,818288.0288560482,3784635.642459767,8286521.376529982,9885729.305721391,0.546875,event_102,static_open_loop,always_candidate,static_open_loop,baseline_locked,raw,barra,none,flat,none,0.0,0.0,0.0,3.0023526091194015e-08
variance__multiplier_0__variance_0__path_0,variance,0.0,,0.0,0.0,0.0,optimal,1368108.8580412942,346238.5408271547,50215.64885187771,971654.6683622618,4475542.1596582895,9974461.049735095,10973396.614058739,0.5625,event_102,forecast_liquidity,always_candidate,forecast_liquidity,baseline_locked,raw,minimax_factor_stress,none,risk_scaled,baseline_relative_second_moment,0.5,1.5011763045597007e-08,0.5,3.0023526091194015e-08
variance__multiplier_0.1__variance_3.00235e-09__path_0,variance,0.0,,0.1,3.0023526091194016e-09,0.0,optimal,1361205.9375847662,340639.2890405016,50126.1836141959,970440.4649300687,4383148.940405424,9754811.822938995,10829892.267944006,0.5625,event_102,forecast_liquidity,always_candidate,forecast_liquidity,baseline_locked,raw,minimax_factor_stress,none,risk_scaled,baseline_relative_second_moment,0.5,1.5011763045597007e-08,0.5,3.0023526091194015e-08
variance__multiplier_0.3__variance_9.00706e-09__path_0,variance,0.0,,0.3,9.007057827358204e-09,0.0,optimal,1341656.9369586455,330355.9127036807,49918.958763940514,961382.0654910243,4207502.803280241,9023523.586096957,10726364.43919103,0.578125,event_102,forecast_liquidity,always_candidate,forecast_liquidity,baseline_locked,raw,minimax_factor_stress,none,risk_scaled,baseline_relative_second_moment,0.5,1.5011763045597007e-08,0.5,3.0023526091194015e-08
variance__multiplier_1__variance_3.00235e-08__path_0,variance,0.0,,1.0,3.0023526091194015e-08,0.0,optimal,1272386.988886174,311337.6456112289,49399.4867980411,911649.856476904,3855807.034183759,8282613.7983989725,10336229.292783445,0.578125,event_102,forecast_liquidity,always_candidate,forecast_liquidity,baseline_locked,raw,minimax_factor_stress,none,risk_scaled,baseline_relative_second_moment,0.5,1.5011763045597007e-08,0.5,3.0023526091194015e-08
variance__multiplier_3__variance_9.00706e-08__path_0,variance,0.0,,3.0,9.007057827358205e-08,0.0,optimal,1190673.3109428377,309577.7474523689,48867.30584334324,832228.2576471255,3644613.3043190166,8167994.140585875,9556058.418926762,0.59375,event_102,forecast_liquidity,always_candidate,forecast_liquidity,baseline_locked,raw,minimax_factor_stress,none,risk_scaled,baseline_relative_second_moment,0.5,1.5011763045597007e-08,0.5,3.0023526091194015e-08
variance__multiplier_10__variance_3.00235e-07__path_0,variance,0.0,,10.0,3.0023526091194013e-07,0.0,optimal,1149476.5195369837,323603.0781476013,48660.2889699621,777213.1524194202,3586667.928009665,7845718.516716883,9188157.076808529,0.578125,event_102,forecast_liquidity,always_candidate,forecast_liquidity,baseline_locked,raw,minimax_factor_stress,none,risk_scaled,baseline_relative_second_moment,0.5,1.5011763045597007e-08,0.5,3.0023526091194015e-08
variance__multiplier_0__variance_0__path_0,variance,0.0,,0.0,0.0,0.0,optimal,1257133.912268324,347783.16438093974,50605.94270682142,858744.805180563,4822327.620979585,7554735.663498631,10606568.584282354,0.546875,event_103,static_open_loop,always_candidate,static_open_loop,baseline_locked,raw,barra,none,flat,none,0.0,0.0,0.0,2.712067181400579e-08
variance__multiplier_0.1__variance_2.71207e-09__path_0,variance,0.0,,0.1,2.712067181400579e-09,0.0,optimal,1251021.1866571673,343298.54753587133,50531.03741473448,857191.6017065614,4707572.166731349,6972170.12116078,10481676.490376445,0.5625,event_103,static_open_loop,always_candidate,static_open_loop,baseline_locked,raw,barra,none,flat,none,0.0,0.0,0.0,2.712067181400579e-08
variance__multiplier_0.3__variance_8.1362e-09__path_0,variance,0.0,,0.3,8.136201544201737e-09,0.0,optimal,1228425.353460478,331475.9863646652,50332.41772134584,846616.9493744669,4485015.617025553,6323258.348067868,10236378.802443648,0.546875,event_103,static_open_loop,always_candidate,static_open_loop,baseline_locked,raw,barra,none,flat,none,0.0,0.0,0.0,2.712067181400579e-08
variance__multiplier_1__variance_2.71207e-08__path_0,variance,0.0,,1.0,2.712067181400579e-08,0.0,optimal,1148290.0865912845,311002.4460530587,49746.79582557562,787540.8447126502,4061279.0093832947,5492542.970951058,9690072.949721824,0.578125,event_103,static_open_loop,always_candidate,static_open_loop,baseline_locked,raw,barra,none,flat,none,0.0,0.0,0.0,2.712067181400579e-08
variance__multiplier_3__variance_8.1362e-08__path_0,variance,0.0,,3.0,8.136201544201737e-08,0.0,optimal,1078662.123175942,315991.2796176988,49261.46926183944,713409.3742964038,3836361.0838562795,5626540.269781071,9289117.506898133,0.578125,event_103,static_open_loop,always_candidate,static_open_loop,baseline_locked,raw,barra,none,flat,none,0.0,0.0,0.0,2.712067181400579e-08
variance__multiplier_10__variance_2.71207e-07__path_0,variance,0.0,,10.0,2.712067181400579e-07,0.0,optimal,1044427.5045628718,329784.4946482655,49101.43343429436,665541.576480312,3785701.1225570873,5480995.093387207,9258644.45770473,0.578125,event_103,static_open_loop,always_candidate,static_open_loop,baseline_locked,raw,barra,none,flat,none,0.0,0.0,0.0,2.712067181400579e-08
variance__multiplier_0__variance_0__path_0,variance,0.0,,0.0,0.0,0.0,optimal,1218541.5292658014,349949.1722829399,50135.5808431368,818456.7761397248,4504184.508475581,6713136.445865441,9963316.749949312,0.546875,event_103,forecast_liquidity,always_candidate,forecast_liquidity,baseline_locked,raw,minimax_factor_stress,none,risk_scaled,baseline_relative_second_moment,0.5,1.3560335907002894e-08,0.5,2.712067181400579e-08
variance__multiplier_0.1__variance_2.71207e-09__path_0,variance,0.0,,0.1,2.712067181400579e-09,0.0,optimal,1215998.965118643,348106.07629873237,50110.38676563619,817782.5020542744,4448798.8926712135,6553825.390147309,9973287.047372654,0.546875,event_103,forecast_liquidity,always_candidate,forecast_liquidity,baseline_locked,raw,minimax_factor_stress,none,risk_scaled,baseline_relative_second_moment,0.5,1.3560335907002894e-08,0.5,2.712067181400579e-08
variance__multiplier_0.3__variance_8.1362e-09__path_0,variance,0.0,,0.3,8.136201544201737e-09,0.0,optimal,1202332.4144087296,341089.61259400455,49997.89552147572,811244.9062932495,4313896.203690614,6102373.388404324,9881997.52631294,0.5625,event_103,forecast_liquidity,always_candidate,forecast_liquidity,baseline_locked,raw,minimax_factor_stress,none,risk_scaled,baseline_relative_second_moment,0.5,1.3560335907002894e-08,0.5,2.712067181400579e-08
variance__multiplier_1__variance_2.71207e-08__path_0,variance,0.0,,1.0,2.712067181400579e-08,0.0,optimal,1117434.4895426752,314614.8630968212,49398.33477990779,753421.2916659462,3891740.9563190453,5139700.825371654,9302496.761037152,0.578125,event_103,forecast_liquidity,always_candidate,forecast_liquidity,baseline_locked,raw,minimax_factor_stress,none,risk_scaled,baseline_relative_second_moment,0.5,1.3560335907002894e-08,0.5,2.712067181400579e-08
variance__multiplier_3__variance_8.1362e-08__path_0,variance,0.0,,3.0,8.136201544201737e-08,0.0,optimal,1035430.6481893029,311607.81708674645,48843.79445714914,674979.0366454073,3642058.492271701,5227126.453593938,8766382.454061165,0.59375,event_103,forecast_liquidity,always_candidate,forecast_liquidity,baseline_locked,raw,minimax_factor_stress,none,risk_scaled,baseline_relative_second_moment,0.5,1.3560335907002894e-08,0.5,2.712067181400579e-08
variance__multiplier_10__variance_2.71207e-07__path_0,variance,0.0,,10.0,2.712067181400579e-07,0.0,optimal,994358.1615887829,321492.863538205,48660.77032886834,624204.5277217097,3587956.891338877,5246186.193392517,8735346.666727187,0.609375,event_103,forecast_liquidity,always_candidate,forecast_liquidity,baseline_locked,raw,minimax_factor_stress,none,risk_scaled,baseline_relative_second_moment,0.5,1.3560335907002894e-08,0.5,2.712067181400579e-08
variance__multiplier_0__variance_0__path_0,variance,0.0,,0.0,0.0,0.0,optimal,2070133.3930656402,373389.68145611713,51029.416026355735,1645714.2955831673,4907972.994914826,6840038.137707512,9133672.617607592,0.625,event_104,static_open_loop,always_candidate,static_open_loop,baseline_locked,raw,barra,none,flat,none,0.0,0.0,0.0,4.34883048879803e-08
variance__multiplier_0.1__variance_4.34883e-09__path_0,variance,0.0,,0.1,4.34883048879803e-09,0.0,optimal,2063052.0662074538,368451.75100421486,50959.73515340038,1643640.5800498386,4827075.153773106,6632776.704444723,8962401.349768402,0.625,event_104,static_open_loop,always_candidate,static_open_loop,baseline_locked,raw,barra,none,flat,none,0.0,0.0,0.0,4.34883048879803e-08
variance__multiplier_0.3__variance_1.30465e-08__path_0,variance,0.0,,0.3,1.3046491466394091e-08,0.0,optimal,2024762.971970711,351857.06700986257,50626.439120823954,1622279.4658400244,4560280.189016127,5914398.347341936,8195734.945598692,0.625,event_104,static_open_loop,always_candidate,static_open_loop,baseline_locked,raw,barra,none,flat,none,0.0,0.0,0.0,4.34883048879803e-08
variance__multiplier_1__variance_4.34883e-08__path_0,variance,0.0,,1.0,4.34883048879803e-08,0.0,optimal,1889153.589822114,325173.16995232133,49792.19737854704,1514188.2224912457,4030567.7555090487,4591429.641163161,6463984.452499159,0.640625,event_104,static_open_loop,always_candidate,static_open_loop,baseline_locked,raw,barra,none,flat,none,0.0,0.0,0.0,4.34883048879803e-08
variance__multiplier_3__variance_1.30465e-07__path_0,variance,0.0,,3.0,1.304649146639409e-07,0.0,optimal,1771804.2136994435,325002.0044642929,49212.6794950697,1397589.529740081,3800271.158271274,4992453.867828536,5967825.575295339,0.65625,event_104,static_open_loop,always_candidate,static_open_loop,baseline_locked,raw,barra,none,flat,none,0.0,0.0,0.0,4.34883048879803e-08
variance__multiplier_10__variance_4.34883e-07__path_0,variance,0.0,,10.0,4.3488304887980304e-07,0.0,optimal,1757695.8526282082,335145.34115163947,49091.356980446144,1373459.1544961226,3783110.1732662767,5059496.020603644,6076463.936222223,0.65625,event_104,static_open_loop,always_candidate,static_open_loop,baseline_locked,raw,barra,none,flat,none,0.0,0.0,0.0,4.34883048879803e-08
variance__multiplier_0__variance_0__path_0,variance,0.0,,0.0,0.0,0.0,optimal,2001891.9476506498,372795.1776831653,50496.35223452237,1578600.4177329622,4528907.442615664,6028986.771175923,8185164.848841676,0.625,event_104,forecast_liquidity,always_candidate,forecast_liquidity,baseline_locked,raw,minimax_factor_stress,none,risk_scaled,baseline_relative_second_moment,0.5,2.174415244399015e-08,0.5,4.34883048879803e-08
variance__multiplier_0.1__variance_4.34883e-09__path_0,variance,0.0,,0.1,4.34883048879803e-09,0.0,optimal,2001182.5988869127,372534.3446392505,50481.710940354715,1578166.5433073074,4507428.958826228,5937856.459877218,8135331.09606961,0.625,event_104,forecast_liquidity,always_candidate,forecast_liquidity,baseline_locked,raw,minimax_factor_stress,none,risk_scaled,baseline_relative_second_moment,0.5,2.174415244399015e-08,0.5,4.34883048879803e-08
variance__multiplier_0.3__variance_1.30465e-08__path_0,variance,0.0,,0.3,1.3046491466394091e-08,0.0,optimal,1981194.4356739032,363987.4620477897,50295.946972142665,1566911.0266539708,4367621.114103722,5584442.424024461,7683961.482514971,0.609375,event_104,forecast_liquidity,always_candidate,forecast_liquidity,baseline_locked,raw,minimax_factor_stress,none,risk_scaled,baseline_relative_second_moment,0.5,2.174415244399015e-08,0.5,4.34883048879803e-08
variance__multiplier_1__variance_4.34883e-08__path_0,variance,0.0,,1.0,4.34883048879803e-08,0.0,optimal,1840179.9737426606,330009.6723537712,49475.563502807476,1460694.737886082,3867675.524376009,4281440.174922349,6027955.715019092,0.65625,event_104,forecast_liquidity,always_candidate,forecast_liquidity,baseline_locked,raw,minimax_factor_stress,none,risk_scaled,baseline_relative_second_moment,0.5,2.174415244399015e-08,0.5,4.34883048879803e-08
variance__multiplier_3__variance_1.30465e-07__path_0,variance,0.0,,3.0,1.304649146639409e-07,0.0,optimal,1698494.8539534027,319867.06435964967,48804.28813484546,1329823.5014589075,3606423.3397659324,4488537.786491484,5633911.517347989,0.671875,event_104,forecast_liquidity,always_candidate,forecast_liquidity,baseline_locked,raw,minimax_factor_stress,none,risk_scaled,baseline_relative_second_moment,0.5,2.174415244399015e-08,0.5,4.34883048879803e-08
variance__multiplier_10__variance_4.34883e-07__path_0,variance,0.0,,10.0,4.3488304887980304e-07,0.0,optimal,1678054.8580090813,327049.56588354125,48660.43033457634,1302344.8617909637,3585521.7759597036,4475993.601888329,5784682.586940573,0.6875,event_104,forecast_liquidity,always_candidate,forecast_liquidity,baseline_locked,raw,minimax_factor_stress,none,risk_scaled,baseline_relative_second_moment,0.5,2.174415244399015e-08,0.5,4.34883048879803e-08
variance__multiplier_0__variance_0__path_0,variance,0.0,,0.0,0.0,0.0,optimal,1297782.9108356542,353116.40314914606,50712.20805031706,893954.2996361911,4696115.603835571,9275476.386049753,14764472.646671016,0.640625,event_105,static_open_loop,always_candidate,static_open_loop,baseline_locked,raw,barra,none,flat,none,0.0,0.0,0.0,2.84222492550119e-08
variance__multiplier_0.1__variance_2.84222e-09__path_0,variance,0.0,,0.1,2.84222492550119e-09,0.0,optimal,1295362.857400342,351456.0757645464,50659.091498731126,893247.6901370643,4635211.939162782,8949219.531151213,14514556.27189128,0.640625,event_105,static_open_loop,always_candidate,static_open_loop,baseline_locked,raw,barra,none,flat,none,0.0,0.0,0.0,2.84222492550119e-08
variance__multiplier_0.3__variance_8.52667e-09__path_0,variance,0.0,,0.3,8.526674776503569e-09,0.0,optimal,1284210.1473801786,345849.51471891446,50539.34681335301,887821.2858479111,4535900.333469598,8350847.147617251,14046589.781832267,0.625,event_105,static_open_loop,always_candidate,static_open_loop,baseline_locked,raw,barra,none,flat,none,0.0,0.0,0.0,2.84222492550119e-08
variance__multiplier_1__variance_2.84222e-08__path_0,variance,0.0,,1.0,2.84222492550119e-08,0.0,optimal,1185123.3261814606,316750.0610068484,49905.555662095954,818467.7095125162,4101251.3716651076,7366287.094611353,12661481.235216001,0.609375,event_105,static_open_loop,always_candidate,static_open_loop,baseline_locked,raw,barra,none,flat,none,0.0,0.0,0.0,2.84222492550119e-08
variance__multiplier_3__variance_8.52667e-08__path_0,variance,0.0,,3.0,8.52667477650357e-08,0.0,optimal,1087821.8562456951,315358.8296999136,49265.958489048004,723197.0680567336,3820189.9498057957,7596716.829546039,11543074.517239096,0.625,event_105,static_open_loop,always_candidate,static_open_loop,baseline_locked,raw,barra,none,flat,none,0.0,0.0,0.0,2.84222492550119e-08
variance__multiplier_10__variance_2.84222e-07__path_0,variance,0.0,,10.0,2.84222492550119e-07,0.0,optimal,1070249.8475453963,331209.2335888279,49107.79327537951,689932.820681189,3784435.874815712,7456805.377538408,11347479.028136063,0.609375,event_105,static_open_loop,always_candidate,static_open_loop,baseline_locked,raw,barra,none,flat,none,0.0,0.0,0.0,2.84222492550119e-08
variance__multiplier_0__variance_0__path_0,variance,0.0,,0.0,0.0,0.0,optimal,1243045.2078312559,354497.8495159781,50216.53941508014,838330.8189001977,4375683.543355363,8162180.335088406,13773736.15543951,0.640625,event_105,forecast_liquidity,always_candidate,forecast_liquidity,baseline_locked,raw,minimax_factor_stress,none,risk_scaled,baseline_relative_second_moment,0.5,1.421112462750595e-08,0.5,2.84222492550119e-08
variance__multiplier_0.1__variance_2.84222e-09__path_0,variance,0.0,,0.1,2.84222492550119e-09,0.0,optimal,1241345.5528443388,353319.52802845504,50178.28128893199,837847.7435269518,4331905.263504111,7907215.272728761,13600784.451325538,0.640625,event_105,forecast_liquidity,always_candidate,forecast_liquidity,baseline_locked,raw,minimax_factor_stress,none,risk_scaled,baseline_relative_second_moment,0.5,1.421112462750595e-08,0.5,2.84222492550119e-08
variance__multiplier_0.3__variance_8.52667e-09__path_0,variance,0.0,,0.3,8.526674776503569e-09,0.0,optimal,1233575.7869652058,348922.2408273784,50097.09786002097,834556.4482778065,4264031.168551647,7933082.751085352,13295093.14119121,0.640625,event_105,forecast_liquidity,always_candidate,forecast_liquidity,baseline_locked,raw,minimax_factor_stress,none,risk_scaled,baseline_relative_second_moment,0.5,1.421112462750595e-08,0.5,2.84222492550119e-08
variance__multiplier_1__variance_2.84222e-08__path_0,variance,0.0,,1.0,2.84222492550119e-08,0.0,optimal,1156978.4688153823,323206.86567853234,49604.23821986761,784167.3649169825,3952671.0026126215,7697750.120285705,12193686.586367458,0.625,event_105,forecast_liquidity,always_candidate,forecast_liquidity,baseline_locked,raw,minimax_factor_stress,none,risk_scaled,baseline_relative_second_moment,0.5,1.421112462750595e-08,0.5,2.84222492550119e-08
variance__multiplier_3__variance_8.52667e-08__path_0,variance,0.0,,3.0,8.52667477650357e-08,0.0,optimal,1036192.5857399941,311650.27158201655,48852.264567866536,675690.0495901109,3625894.9059120896,7806230.613925727,10875223.568014093,0.609375,event_105,forecast_liquidity,always_candidate,forecast_liquidity,baseline_locked,raw,minimax_factor_stress,none,risk_scaled,baseline_relative_second_moment,0.5,1.421112462750595e-08,0.5,2.84222492550119e-08
variance__multiplier_10__variance_2.84222e-07__path_0,variance,0.0,,10.0,2.84222492550119e-07,0.0,optimal,1013941.1685377347,324037.5347683466,48675.52500958788,641228.1087598002,3586529.912396864,7678476.477442179,10691897.303810174,0.609375,event_105,forecast_liquidity,always_candidate,forecast_liquidity,baseline_locked,raw,minimax_factor_stress,none,risk_scaled,baseline_relative_second_moment,0.5,1.421112462750595e-08,0.5,2.84222492550119e-08
variance__multiplier_0__variance_0__path_0,variance,0.0,,0.0,0.0,0.0,optimal,1529247.076385606,352852.96347834193,50765.8462773185,1125628.2666299457,4854004.646635694,6847540.851486162,10504473.017521834,0.640625,event_106,static_open_loop,always_candidate,static_open_loop,baseline_locked,raw,barra,none,flat,none,0.0,0.0,0.0,3.217471078482388e-08
variance__multiplier_0.1__variance_3.21747e-09__path_0,variance,0.0,,0.1,3.217471078482388e-09,0.0,optimal,1517627.140584606,343655.78668589436,50636.78814827894,1123334.5657504327,4699846.470335339,6814246.4685094245,10063806.887585288,0.640625,event_106,static_open_loop,always_candidate,static_open_loop,baseline_locked,raw,barra,none,flat,none,0.0,0.0,0.0,3.217471078482388e-08
variance__multiplier_0.3__variance_9.65241e-09__path_0,variance,0.0,,0.3,9.652413235447163e-09,0.0,optimal,1493931.1811264835,332878.8278914754,50383.175593781605,1110669.1776412267,4472866.065541739,6892636.293565528,9374071.518950902,0.625,event_106,static_open_loop,always_candidate,static_open_loop,baseline_locked,raw,barra,none,flat,none,0.0,0.0,0.0,3.217471078482388e-08
variance__multiplier_1__variance_3.21747e-08__path_0,variance,0.0,,1.0,3.217471078482388e-08,0.0,optimal,1404358.3069386554,314257.933051803,49817.35555760431,1040283.0183292482,4059616.134882858,6191415.676166929,9056435.978753014,0.625,event_106,static_open_loop,always_candidate,static_open_loop,baseline_locked,raw,barra,none,flat,none,0.0,0.0,0.0,3.217471078482388e-08
variance__multiplier_3__variance_9.65241e-08__path_0,variance,0.0,,3.0,9.652413235447164e-08,0.0,optimal,1312735.5595189873,316953.1984094939,49295.43754900162,946486.9235604918,3840033.366056583,5690948.866445949,8869866.508526525,0.609375,event_106,static_open_loop,always_candidate,static_open_loop,baseline_locked,raw,barra,none,flat,none,0.0,0.0,0.0,3.217471078482388e-08
variance__multiplier_10__variance_3.21747e-07__path_0,variance,0.0,,10.0,3.2174710784823877e-07,0.0,optimal,1268441.5892632494,333251.159492521,49101.92907921201,886088.5006915163,3784484.0897376197,5241164.378528438,8839537.419435149,0.625,event_106,static_open_loop,always_candidate,static_open_loop,baseline_locked,raw,barra,none,flat,none,0.0,0.0,0.0,3.217471078482388e-08
variance__multiplier_0__variance_0__path_0,variance,0.0,,0.0,0.0,0.0,optimal,1478530.25585872,354487.8636400975,50276.979296872974,1073765.4129217495,4534888.533895711,6514417.166123565,10022797.206440775,0.65625,event_106,forecast_liquidity,always_candidate,forecast_liquidity,baseline_locked,raw,minimax_factor_stress,none,risk_scaled,baseline_relative_second_moment,0.5,1.608735539241194e-08,0.5,3.217471078482388e-08
variance__multiplier_0.1__variance_3.21747e-09__path_0,variance,0.0,,0.1,3.217471078482388e-09,0.0,optimal,1471520.148855037,348918.8315159079,50203.71939202839,1072397.5979471009,4440499.102388185,6544208.779300853,9718941.276593268,0.65625,event_106,forecast_liquidity,always_candidate,forecast_liquidity,baseline_locked,raw,minimax_factor_stress,none,risk_scaled,baseline_relative_second_moment,0.5,1.608735539241194e-08,0.5,3.217471078482388e-08
variance__multiplier_0.3__variance_9.65241e-09__path_0,variance,0.0,,0.3,9.652413235447163e-09,0.0,optimal,1453305.5904463292,339825.0464439852,50016.02276815073,1063464.5212341931,4277839.860098893,6584640.315683878,9137735.257423079,0.625,event_106,forecast_liquidity,always_candidate,forecast_liquidity,baseline_locked,raw,minimax_factor_stress,none,risk_scaled,baseline_relative_second_moment,0.5,1.608735539241194e-08,0.5,3.217471078482388e-08
variance__multiplier_1__variance_3.21747e-08__path_0,variance,0.0,,1.0,3.217471078482388e-08,0.0,optimal,1371703.8128065236,318850.5541322245,49480.753196018035,1003372.5054782811,3900161.65470509,6056857.039945168,8634292.44337214,0.609375,event_106,forecast_liquidity,always_candidate,forecast_liquidity,baseline_locked,raw,minimax_factor_stress,none,risk_scaled,baseline_relative_second_moment,0.5,1.608735539241194e-08,0.5,3.217471078482388e-08
variance__multiplier_3__variance_9.65241e-08__path_0,variance,0.0,,3.0,9.652413235447164e-08,0.0,optimal,1264970.9198802821,312834.81299536966,48889.51975845694,903246.5871264555,3652144.58607229,5537255.411032357,8441003.004917307,0.609375,event_106,forecast_liquidity,always_candidate,forecast_liquidity,baseline_locked,raw,minimax_factor_stress,none,risk_scaled,baseline_relative_second_moment,0.5,1.608735539241194e-08,0.5,3.217471078482388e-08
variance__multiplier_10__variance_3.21747e-07__path_0,variance,0.0,,10.0,3.2174710784823877e-07,0.0,optimal,1208860.6535322939,324711.9132444808,48663.42604688165,835485.3142409315,3586554.199335196,4964519.343123754,8388280.444478847,0.609375,event_106,forecast_liquidity,always_candidate,forecast_liquidity,baseline_locked,raw,minimax_factor_stress,none,risk_scaled,baseline_relative_second_moment,0.5,1.608735539241194e-08,0.5,3.217471078482388e-08
variance__multiplier_0__variance_0__path_0,variance,0.0,,0.0,0.0,0.0,optimal,-372982.0211252407,295099.80413303594,48417.3562180851,-716499.1814763618,4171025.9403593936,8887253.096609559,9974152.202281753,0.453125,event_107,static_open_loop,always_candidate,static_open_loop,baseline_locked,raw,barra,none,flat,none,0.0,0.0,0.0,1.212688668902375e-07
variance__multiplier_0.1__variance_1.21269e-09__path_0,variance,0.0,,0.1,1.2126886689023751e-09,0.0,optimal,-373633.78939981625,294600.7656346461,48416.10967218042,-716650.6647066427,4136187.033179471,8914644.469813555,9965108.988407725,0.46875,event_107,static_open_loop,always_candidate,static_open_loop,baseline_locked,raw,barra,none,flat,none,0.0,0.0,0.0,1.212688668902375e-07
variance__multiplier_0.3__variance_3.63807e-09__path_0,variance,0.0,,0.3,3.638066006707125e-09,0.0,optimal,-374916.59653430455,294145.06309762376,48433.37066949681,-717495.0303014251,4092268.2229365273,8947112.869402232,9979998.75340042,0.46875,event_107,static_open_loop,always_candidate,static_open_loop,baseline_locked,raw,barra,none,flat,none,0.0,0.0,0.0,1.212688668902375e-07
variance__multiplier_1__variance_1.21269e-08__path_0,variance,0.0,,1.0,1.212688668902375e-08,0.0,optimal,-381944.19229178544,293170.83667459735,48548.250156015325,-723663.2791223981,3989705.5317877056,8970283.837298905,10001570.237377549,0.5,event_107,static_open_loop,always_candidate,static_open_loop,baseline_locked,raw,barra,none,flat,none,0.0,0.0,0.0,1.212688668902375e-07
variance__multiplier_3__variance_3.63807e-08__path_0,variance,0.0,,3.0,3.638066006707125e-08,0.0,optimal,-396989.21653359116,298089.5008043004,48765.429727246345,-743844.147065138,3872797.1791091603,9255343.605155716,10116746.637521604,0.515625,event_107,static_open_loop,always_candidate,static_open_loop,baseline_locked,raw,barra,none,flat,none,0.0,0.0,0.0,1.212688668902375e-07
variance__multiplier_10__variance_1.21269e-07__path_0,variance,0.0,,10.0,1.212688668902375e-07,0.0,optimal,-415956.88014113286,315450.6430179105,48964.21490355315,-780371.7380625965,3798186.9892877107,9506744.576344376,10363525.28139772,0.5,event_107,static_open_loop,always_candidate,static_open_loop,baseline_locked,raw,barra,none,flat,none,0.0,0.0,0.0,1.212688668902375e-07
variance__multiplier_0__variance_0__path_0,variance,0.0,,0.0,0.0,0.0,optimal,-342349.96929223347,292150.409754069,47897.311501486445,-682397.690547789,3975673.781231389,8407186.824462133,9316934.142198808,0.421875,event_107,forecast_liquidity,always_candidate,forecast_liquidity,baseline_locked,raw,minimax_factor_stress,none,risk_scaled,baseline_relative_second_moment,0.5,6.063443344511875e-08,0.5,1.212688668902375e-07
variance__multiplier_0.1__variance_1.21269e-09__path_0,variance,0.0,,0.1,1.2126886689023751e-09,0.0,optimal,-343293.29148907395,291346.3494805852,47896.811453839764,-682536.452423499,3941626.887503426,8439933.121900726,9306794.0486988,0.421875,event_107,forecast_liquidity,always_candidate,forecast_liquidity,baseline_locked,raw,minimax_factor_stress,none,risk_scaled,baseline_relative_second_moment,0.5,6.063443344511875e-08,0.5,1.212688668902375e-07
variance__multiplier_0.3__variance_3.63807e-09__path_0,variance,0.0,,0.3,3.638066006707125e-09,0.0,optimal,-344879.75866562343,290438.137473054,47917.729025485714,-683235.6251641631,3903514.964120668,8467682.248281283,9324678.242033249,0.4375,event_107,forecast_liquidity,always_candidate,forecast_liquidity,baseline_locked,raw,minimax_factor_stress,none,risk_scaled,baseline_relative_second_moment,0.5,6.063443344511875e-08,0.5,1.212688668902375e-07
variance__multiplier_1__variance_1.21269e-08__path_0,variance,0.0,,1.0,1.212688668902375e-08,0.0,optimal,-352655.84234149416,288586.4811834268,48039.34332115529,-689281.6668460763,3798175.978417462,8474641.842131857,9357526.389963571,0.46875,event_107,forecast_liquidity,always_candidate,forecast_liquidity,baseline_locked,raw,minimax_factor_stress,none,risk_scaled,baseline_relative_second_moment,0.5,6.063443344511875e-08,0.5,1.212688668902375e-07
variance__multiplier_3__variance_3.63807e-08__path_0,variance,0.0,,3.0,3.638066006707125e-08,0.0,optimal,-368554.3277804745,292234.3137441484,48262.06173206348,-709050.7032566865,3677414.821623645,8753159.055400684,9483223.393302917,0.484375,event_107,forecast_liquidity,always_candidate,forecast_liquidity,baseline_locked,raw,minimax_factor_stress,none,risk_scaled,baseline_relative_second_moment,0.5,6.063443344511875e-08,0.5,1.212688668902375e-07
variance__multiplier_10__variance_1.21269e-07__path_0,variance,0.0,,10.0,1.212688668902375e-07,0.0,optimal,-388698.9724024209,305481.6816846938,48486.366024879724,-742667.0201119944,3603578.087837829,9031437.706529925,9731721.627525695,0.484375,event_107,forecast_liquidity,always_candidate,forecast_liquidity,baseline_locked,raw,minimax_factor_stress,none,risk_scaled,baseline_relative_second_moment,0.5,6.063443344511875e-08,0.5,1.212688668902375e-07
variance__multiplier_0__variance_0__path_0,variance,0.0,,0.0,0.0,0.0,optimal,759208.9471022104,320861.59146560595,50240.152441738705,388107.2031948657,4698201.326389157,6715556.651800302,8196560.784614038,0.484375,event_108,static_open_loop,always_candidate,static_open_loop,baseline_locked,raw,barra,none,flat,none,0.0,0.0,0.0,1.611139953715645e-08
variance__multiplier_0.1__variance_1.61114e-09__path_0,variance,0.0,,0.1,1.6111399537156451e-09,0.0,optimal,754337.9507437319,316848.35970928427,50173.3310616551,387316.2599727926,4589392.564490929,6620498.322459307,8198897.93877153,0.484375,event_108,static_open_loop,always_candidate,static_open_loop,baseline_locked,raw,barra,none,flat,none,0.0,0.0,0.0,1.611139953715645e-08
variance__multiplier_0.3__variance_4.83342e-09__path_0,variance,0.0,,0.3,4.833419861146935e-09,0.0,optimal,744778.3326204921,312120.460524364,50042.17626945138,382615.6958266767,4420904.912178404,6778420.606104302,8203890.351379914,0.484375,event_108,static_open_loop,always_candidate,static_open_loop,baseline_locked,raw,barra,none,flat,none,0.0,0.0,0.0,1.611139953715645e-08
variance__multiplier_1__variance_1.61114e-08__path_0,variance,0.0,,1.0,1.611139953715645e-08,0.0,optimal,707744.1795652016,302366.2168456006,49685.268411064295,355692.69430853677,4099673.946234049,6636363.736087057,8246253.828420835,0.46875,event_108,static_open_loop,always_candidate,static_open_loop,baseline_locked,raw,barra,none,flat,none,0.0,0.0,0.0,1.611139953715645e-08
variance__multiplier_3__variance_4.83342e-08__path_0,variance,0.0,,3.0,4.833419861146936e-08,0.0,optimal,657929.9946480903,306682.7004090721,49240.25017392874,302007.0440650895,3840357.7327341787,5804732.642047096,8255232.91992807,0.46875,event_108,static_open_loop,always_candidate,static_open_loop,baseline_locked,raw,barra,none,flat,none,0.0,0.0,0.0,1.611139953715645e-08
variance__multiplier_10__variance_1.61114e-07__path_0,variance,0.0,,10.0,1.611139953715645e-07,0.0,optimal,646779.8591717777,325821.38801602036,49095.99200288123,271862.4791528761,3787262.536209298,5861112.452882783,8219373.411918848,0.484375,event_108,static_open_loop,always_candidate,static_open_loop,baseline_locked,raw,barra,none,flat,none,0.0,0.0,0.0,1.611139953715645e-08
variance__multiplier_0__variance_0__path_0,variance,0.0,,0.0,0.0,0.0,optimal,731297.0058853801,321904.32912838337,49775.720496105845,359616.9562608909,4405143.490502206,6711262.320166817,7890846.667778064,0.484375,event_108,forecast_liquidity,always_candidate,forecast_liquidity,baseline_locked,raw,minimax_factor_stress,none,risk_scaled,baseline_relative_second_moment,0.5,8.055699768578226e-09,0.5,1.611139953715645e-08
variance__multiplier_0.1__variance_1.61114e-09__path_0,variance,0.0,,0.1,1.6111399537156451e-09,0.0,optimal,727282.0747517182,318542.81991290115,49721.190638288026,359018.064200529,4317852.761163055,6797631.489850563,7897872.379008858,0.484375,event_108,forecast_liquidity,always_candidate,forecast_liquidity,baseline_locked,raw,minimax_factor_stress,none,risk_scaled,baseline_relative_second_moment,0.5,8.055699768578226e-09,0.5,1.611139953715645e-08
variance__multiplier_0.3__variance_4.83342e-09__path_0,variance,0.0,,0.3,4.833419861146935e-09,0.0,optimal,719187.9770991938,314251.8918454901,49609.42905725043,355326.6561964533,4177108.0853876704,6947029.9255454475,7894045.171570435,0.484375,event_108,forecast_liquidity,always_candidate,forecast_liquidity,baseline_locked,raw,minimax_factor_stress,none,risk_scaled,baseline_relative_second_moment,0.5,8.055699768578226e-09,0.5,1.611139953715645e-08
variance__multiplier_1__variance_1.61114e-08__path_0,variance,0.0,,1.0,1.611139953715645e-08,0.0,optimal,688753.2518641751,305519.9954854064,49310.34876766,333922.9076111087,3914009.316527328,6437686.648298787,8063661.8816205505,0.453125,event_108,forecast_liquidity,always_candidate,forecast_liquidity,baseline_locked,raw,minimax_factor_stress,none,risk_scaled,baseline_relative_second_moment,0.5,8.055699768578226e-09,0.5,1.611139953715645e-08
variance__multiplier_3__variance_4.83342e-08__path_0,variance,0.0,,3.0,4.833419861146936e-08,0.0,optimal,633010.3483702007,305023.41655133036,48828.95981842173,279157.9720004486,3643576.3813797315,5466624.840292471,8068232.609112511,0.484375,event_108,forecast_liquidity,always_candidate,forecast_liquidity,baseline_locked,raw,minimax_factor_stress,none,risk_scaled,baseline_relative_second_moment,0.5,8.055699768578226e-09,0.5,1.611139953715645e-08
variance__multiplier_10__variance_1.61114e-07__path_0,variance,0.0,,10.0,1.611139953715645e-07,0.0,optimal,619647.1230017184,320133.9931307126,48666.952684917625,250846.1771860882,3589183.3971398794,5566207.892325167,8007441.904982287,0.46875,event_108,forecast_liquidity,always_candidate,forecast_liquidity,baseline_locked,raw,minimax_factor_stress,none,risk_scaled,baseline_relative_second_moment,0.5,8.055699768578226e-09,0.5,1.611139953715645e-08
